[
    {
        "name": "Pitch deck & overview",
        "number": "2",
        "modified": "21",
        "type": "Folder"
    },
    {
        "name": "Pitch deck & overview",
        "number": "2",
        "modified": "21",
        "type": "Folder"
    },
    {
        "name": "Pitch deck & overview",
        "number": "2",
        "modified": "21",
        "type": "Folder"
    },
    {
        "name": "Pitch deck & overview",
        "number": "2",
        "modified": "21",
        "type": "Folder"
    },
    {
        "name": "Pitch deck & overview",
        "number": "2",
        "modified": "21",
        "type": "Folder"
    },
    {
        "name": "Pitch deck & overview",
        "number": "2",
        "modified": "21",
        "type": "Folder"
    },
    {
        "name": "Pitch deck & overview",
        "number": "2",
        "modified": "21",
        "type": "Folder"
    }
]